"FCL code","FCL label","HS code","If partial"
"0015","Wheat","100110","*"
"0015","Wheat","100190","*"
"0016","Flour of Wheat","110100","*"
"0016","Flour of Wheat","110311","*"
"0016","Flour of Wheat","110320","*"
"0017","Bran of Wheat","230230","*"
"0018","Macaroni","190211","*"
"0018","Macaroni","190219","*"
"0019","Germ of Wheat","110430","*"
"0020","Bread","190590","*"
"0020","Bread","190510","*"
"0020","Bread","190540","*"
"0021","Bulgur","190430","*"
"0022","Pastry","190590","*"
"0022","Pastry","190520","*"
"0022","Pastry","190531","*"
"0022","Pastry","190532","*"
"0022","Pastry","190540","*"
"0023","Starch of Wheat","110811","*"
"0024","Wheat Gluten","110900","*"
"0026","Wheat-Fermented Beverages","220600","*"
"0027","Rice, paddy","100610","*"
"0028","Rice, Husked","100620","*"
"0029","Rice, Milled (Husked)","100630","*"
"0031","Rice, Milled","100630","*"
"0032","Rice, Broken","100640","*"
"0033","Rice, Gluten","230310","*"
"0034","Starch of Rice","110819","*"
"0035","Bran of Rice","230240","*"
"0036","Oil of Rice Bran","151590","*"
"0037","Cake of Rice Bran","230690","*"
"0038","Flour of Rice","110290","*"
"0038","Flour of Rice","110319","*"
"0038","Flour of Rice","110320","*"
"0039","Rice-Fermented Beverages","220600","*"
"0041","Breakfast Cereals","190410","*"
"0041","Breakfast Cereals","190420","*"
"0041","Breakfast Cereals","190490","*"
"0044","Barley","100300","*"
"0045","Pot Barley","110429","*"
"0046","Barley, Pearled","110419","*"
"0046","Barley, Pearled","110429","*"
"0047","Bran of Barley","230240","*"
"0048","Barley Flour and Grits","110290","*"
"0048","Barley Flour and Grits","110319","*"
"0048","Barley Flour and Grits","110320","*"
"0049","Malt","110710","*"
"0049","Malt","110720","*"
"0050","Malt Extract","190190","*"
"0051","Beer of Barley","220300","*"
"0056","Maize","100510","*"
"0056","Maize","100590","*"
"0057","Germ of Maize","110430","*"
"0058","Flour of Maize","110220","*"
"0058","Flour of Maize","110313","*"
"0058","Flour of Maize","110320","*"
"0059","Bran of Maize","230210","*"
"0060","Oil of Maize","151521","*"
"0060","Oil of Maize","151529","*"
"0061","Cake of Maize","230690","*"
"0063","Maize Gluten","230310","*"
"0064","Starch of Maize","110812","*"
"0066","Beer of Maize","220300","*"
"0067","White Maize","100510","*"
"0067","White Maize","100590","*"
"0068","Popcorn","100510","*"
"0068","Popcorn","100590","*"
"0071","Rye","100200","*"
"0072","Flour of Rye","110320","*"
"0072","Flour of Rye","110319","*"
"0072","Flour of Rye","110210","*"
"0073","Bran of Rye","230240","*"
"0075","Oats","100400","*"
"0076","Oats, Rolled","110412","*"
"0076","Oats, Rolled","110422","*"
"0077","Bran of Oats","230240","*"
"0079","Millet","100820","*"
"0080","Flour of Millet","110290","*"
"0080","Flour of Millet","110319","*"
"0080","Flour of Millet","110320","*"
"0081","Bran of Millet","230240","*"
"0082","Beer of Millet","220300","*"
"0083","Sorghum","100700","*"
"0084","Flour of Sorghum","110290","*"
"0084","Flour of Sorghum","110319","*"
"0084","Flour of Sorghum","110320","*"
"0085","Bran of Sorghum","230240","*"
"0086","Beer of Sorghum","220300","*"
"0089","Buckwheat","100810","*"
"0090","Flour of Buckwheat","110320","*"
"0090","Flour of Buckwheat","110319","*"
"0090","Flour of Buckwheat","110290","*"
"0091","Bran of Buckwheat","230240","*"
"0092","Quinoa","100890","*"
"0094","Fonio","100890","*"
"0095","Flour of Fonio","110290","*"
"0095","Flour of Fonio","110319","*"
"0095","Flour of Fonio","110320","*"
"0096","Bran of Fonio","230240","*"
"0097","Triticale","100890","*"
"0098","Flour of Triticale","110320","*"
"0098","Flour of Triticale","110290","*"
"0098","Flour of Triticale","110319","*"
"0099","Bran of Triticale","230240","*"
"0101","Canary seed","100830","*"
"0103","Mixed grain","100890","*"
"0104","Flour of Mixed Grain","110290","*"
"0104","Flour of Mixed Grain","110319","*"
"0104","Flour of Mixed Grain","110320","*"
"0105","Bran of Mixed Grain","230240","*"
"0108","Cereals, nes","100890","*"
"0109","Infant Food","190110","*"
"0110","Wafers","190590","*"
"0111","Flour of Cereals nes","110290","*"
"0111","Flour of Cereals nes","110319","*"
"0111","Flour of Cereals nes","110320","*"
"0112","Bran of Cereals nes","230240","*"
"0113","Cereal Preparations","110423","*"
"0113","Cereal Preparations","110419","*"
"0113","Cereal Preparations","110429","*"
"0114","Mixes and Doughs","190120","*"
"0115","Food Preparations of Flour, Meal or Malt Extract","190190","*"
"0116","Potatoes","070110","*"
"0116","Potatoes","070190","*"
"0117","Flour of Potatoes","110510","*"
"0117","Flour of Potatoes","110520","*"
"0118","Frozen Potatoes","071010","*"
"0119","Starch of Potatoes","110813","*"
"0120","Potato Offals","230310","*"
"0121","Tapioca of Potatoes","190300","*"
"0122","Sweet potatoes","071420","*"
"0125","Cassava","071410","*"
"0126","Flour of Cassava","110620","*"
"0127","Tapioca of Cassava","190300","*"
"0128","Cassava, Dried","071410","*"
"0129","Starch of Cassava","110814","*"
"0135","Yautia (Cocoyam)","071490","*"
"0136","Taro (Cocoyam)","071490","*"
"0137","Yams","071490","*"
"0149","Roots and tubers nes","071490","*"
"0150","Flour of Roots and Tubers nes","110620","*"
"0151","Roots and Tubers, Dried nes","071490","*"
"0154","Fructose, Chemically Pure","170250","*"
"0155","Maltose, Chemically Pure","170290","*"
"0156","Sugar cane","121299","*"
"0157","Sugar beet","121291","*"
"0158","Cane Sugar","170111","*"
"0159","Beet Sugar","170112","*"
"0160","Maple Sugar and Syrups","170220","*"
"0161","Sugar crops nes","121299","*"
"0162","Sugar, Raw Centrifugal","170112","*"
"0162","Sugar, Raw Centrifugal","170111","*"
"0163","Sugar, Non-Centrifugal","170111","*"
"0164","Sugar, Refined","170191","*"
"0164","Sugar, Refined","170199","*"
"0165","Molasses","170310","*"
"0165","Molasses","170390","*"
"0166","Other Fructose and Syrup","170260","*"
"0167","Sugar and Syrups nes","170290","*"
"0168","Sugar Confectionery","170410","*"
"0168","Sugar Confectionery","170490","*"
"0169","Beet Pulp","230320","*"
"0170","Bagasse","230320","*"
"0172","Glucose and Dextrose","170230","*"
"0172","Glucose and Dextrose","170240","*"
"0173","Lactose","170211","*"
"0173","Lactose","170219","*"
"0175","Isoglucose","170230","*"
"0175","Isoglucose","170240","*"
"0175","Isoglucose","170260","*"
"0175","Isoglucose","170290","*"
"0176","Beans, dry","071339","*"
"0176","Beans, dry","071333","*"
"0176","Beans, dry","071331","*"
"0176","Beans, dry","071332","*"
"0181","Broad beans, dry","071350","*"
"0187","Peas, dry","071310","*"
"0191","Chick-peas, dry","071320","*"
"0195","Cow peas, dry","071339","*"
"0197","Pigeon peas","071390","*"
"0201","Lentils, dry","071340","*"
"0203","Bambara beans","071339","*"
"0205","Vetches","121490","*"
"0210","Lupins","121490","*"
"0211","Pulses nes","071390","*"
"0212","Flour of Pulses","110610","*"
"0213","Bran of Pulses","230250","*"
"0216","Brazil nuts","080121","*"
"0217","Cashew nuts","080131","*"
"0220","Chestnuts","080240","*"
"0221","Almonds","080211","*"
"0222","Walnuts","080231","*"
"0223","Pistachios","080250","*"
"0224","Kolanuts","080290","*"
"0225","Hazelnuts (Filberts)","080221","*"
"0226","Areca nuts","080290","*"
"0229","Brazil Nuts, Shelled","080122","*"
"0230","Cashew Nuts, Shelled","080132","*"
"0231","Almonds, Shelled","080212","*"
"0232","Walnuts, Shelled","080232","*"
"0233","Hazelnuts, Shelled","080222","*"
"0234","Nuts nes","080290","*"
"0234","Nuts nes","080260","*"
"0235","Prepared Nuts","081190","*"
"0235","Prepared Nuts","081290","*"
"0235","Prepared Nuts","200190","*"
"0235","Prepared Nuts","200799","*"
"0235","Prepared Nuts","200819","*"
"0236","Soybeans","120100","*"
"0237","Oil of Soybeans","150710","*"
"0237","Oil of Soybeans","150790","*"
"0238","Cake of Soybeans","230400","*"
"0239","Soya Sauce","210310","*"
"0240","Soya Paste","210390","*"
"0240","Soya Paste","210610","*"
"0241","Soya Curd","210610","*"
"0242","Groundnuts, in shell","120210","*"
"0243","Groundnuts, Shelled","120220","*"
"0244","Oil of Groundnuts","150810","*"
"0244","Oil of Groundnuts","150890","*"
"0245","Cake of Groundnuts","230500","*"
"0246","Prepared Groundnuts","200811","*"
"0247","Peanut Butter","200811","*"
"0249","Coconuts","080119","*"
"0250","Coconuts, Desiccated","080111","*"
"0251","Copra","120300","*"
"0252","Oil of Coconuts","151311","*"
"0252","Oil of Coconuts","151319","*"
"0253","Cake of Copra","230650","*"
"0254","[Oil palm fruit]","120799","*"
"0256","Palm kernels","120999","*"
"0257","Oil of palm","151190","*"
"0257","Oil of palm","151110","*"
"0258","Oil of Palm Kernel","151321","*"
"0258","Oil of Palm Kernel","151329","*"
"0259","Cake of Palm Kernel","230660","*"
"0260","Olives","070990","*"
"0261","Oil of Olives, Virgin","150910","*"
"0262","Olives, Preserved","200490","*"
"0262","Olives, Preserved","071120","*"
"0262","Olives, Preserved","200190","*"
"0262","Olives, Preserved","200570","*"
"0263","Karite Nuts (Sheanuts)","120799","*"
"0264","Butter of Karite Nuts","151590","*"
"0265","Castor Beans","120799","*"
"0266","Oil of Castor Beans","151530","*"
"0267","Sunflower seed","120600","*"
"0268","Oil of Sunflower Seed","151211","*"
"0268","Oil of Sunflower Seed","151219","*"
"0269","Cake of Sunflower Seed","230630","*"
"0270","Rapeseed or colza seed","120510","*"
"0270","Rapeseed or colza seed","120590","*"
"0271","Oil of Rapeseed or Canola oil","151499","*"
"0271","Oil of Rapeseed or Canola oil","151491","*"
"0271","Oil of Rapeseed or Canola oil","151411","*"
"0271","Oil of Rapeseed or Canola oil","151419","*"
"0272","Cake of Rapeseed","230641","*"
"0272","Cake of Rapeseed","230649","*"
"0273","Olive Residues","230690","*"
"0274","Oil of Olive Residues","151000","*"
"0275","Tung Nuts","120799","*"
"0276","Oil of Tung Nuts","151590","*"
"0277","Jojoba Seeds","120799","*"
"0278","Jojoba Oil","151590","*"
"0280","Safflower seed","120799","*"
"0281","Oil of Safflower Seed","151211","*"
"0281","Oil of Safflower Seed","151219","*"
"0282","Cake of Safflower Seed","230690","*"
"0289","Sesame seed","120740","*"
"0290","Oil of Sesame Seed","151550","*"
"0291","Cake of Sesame Seed","230690","*"
"0292","Mustard seed","120750","*"
"0293","Oil of Mustard Seed","151499","*"
"0293","Oil of Mustard Seed","151491","*"
"0294","Cake of Mustard Seed","230690","*"
"0295","Flour of Mustard Seed","210330","*"
"0296","Poppy seed","120791","*"
"0297","Oil of Poppy Seed","151590","*"
"0298","Cake of Poppy Seed","230690","*"
"0299","Melonseed","120799","*"
"0305","Tallowtree Seeds","120799","*"
"0306","Vegetable tallow","151590","*"
"0307","Stillingia oil","151590","*"
"0310","Kapok fruit","120799","*"
"0311","Kapokseed in shell","120799","*"
"0312","Kapokseed, shelled","120799","*"
"0313","Oil of Kapok","151590","*"
"0314","Cake of Kapok","230690","*"
"0328","[Seed Cotton]","520100","*"
"0329","Cottonseed","120720","*"
"0331","Oil of Cottonseed","151229","*"
"0331","Oil of Cottonseed","151221","*"
"0332","Cake of Cottonseed","230610","*"
"0333","Linseed","120400","*"
"0334","Oil of Linseed","151511","*"
"0334","Oil of Linseed","151519","*"
"0335","Cake of Linseed","230620","*"
"0336","Hempseed","120799","*"
"0337","Oil of Hempseed","151590","*"
"0338","Cake of Hempseed","230690","*"
"0339","Oilseeds nes","120799","*"
"0340","Oil of Vegetable Origin nes","151590","*"
"0340","Oil of Vegetable Origin nes","150990","*"
"0341","Cake of Oilseeds nes","230690","*"
"0343","Flour of Oilseeds","120810","*"
"0343","Flour of Oilseeds","120890","*"
"0358","Cabbages","070420","*"
"0358","Cabbages","070490","*"
"0366","Artichokes","070990","*"
"0367","Asparagus","070920","*"
"0372","Lettuce and chicory","070521","*"
"0372","Lettuce and chicory","070529","*"
"0372","Lettuce and chicory","070519","*"
"0372","Lettuce and chicory","070511","*"
"0373","Spinach","070970","*"
"0378","Cassava leaves","070990","*"
"0388","Tomatoes, fresh","070200","*"
"0390","Juice of Tomatoes","200950","*"
"0391","Paste of Tomatoes","200290","*"
"0392","Tomatoes, Peeled (O/T vinegar)","200210","*"
"0393","Cauliflowers and broccoli","070410","*"
"0394","Pumpkins, squash and gourds","070990","*"
"0397","Cucumbers and gherkins","070700","*"
"0399","Eggplants","070930","*"
"0401","Chillies and peppers (green)","070960","*"
"0402","Onions, shallots (green)","070310","*"
"0403","Onions, dry","070310","*"
"0406","Garlic","070320","*"
"0407","Leeks and other alliaceous vegetables","070390","*"
"0414","Beans, green","070820","*"
"0417","Peas, green","070810","*"
"0420","Broad Beans, Green","070890","*"
"0423","String Beans","070820","*"
"0426","Carrot","070610","*"
"0430","Okra","070990","*"
"0446","Green Corn (Maize)","070990","*"
"0447","Sweet Corn, Frozen","071040","*"
"0448","Sweet Corn, Prepared or Preserved","200580","*"
"0449","Mushrooms","070951","*"
"0449","Mushrooms","070959","*"
"0450","Dried Mushrooms","071239","*"
"0450","Dried Mushrooms","071233","*"
"0450","Dried Mushrooms","071231","*"
"0450","Dried Mushrooms","071232","*"
"0451","Canned Mushrooms","200310","*"
"0451","Canned Mushrooms","200320","*"
"0451","Canned Mushrooms","200390","*"
"0459","Chicory roots","121299","*"
"0460","Vegetable products, fresh or dry nes","121299","*"
"0461","Carobs","121299","*"
"0463","Vegetables, Fresh n.e.s.","070940","*"
"0463","Vegetables, Fresh n.e.s.","070990","*"
"0463","Vegetables, Fresh n.e.s.","070690","*"
"0466","Juice of Vegetables nes","200980","*"
"0466","Juice of Vegetables nes","200990","*"
"0469","Vegetables, Dehydrated","071220","*"
"0469","Vegetables, Dehydrated","071290","*"
"0471","Vegetables in Vinegar","200110","*"
"0471","Vegetables in Vinegar","200190","*"
"0472","Vegetables, Preserved nes (O/T vinegar)","200591","*"
"0472","Vegetables, Preserved nes (O/T vinegar)","200599","*"
"0472","Vegetables, Preserved nes (O/T vinegar)","200559","*"
"0472","Vegetables, Preserved nes (O/T vinegar)","200560","*"
"0472","Vegetables, Preserved nes (O/T vinegar)","200551","*"
"0472","Vegetables, Preserved nes (O/T vinegar)","200540","*"
"0472","Vegetables, Preserved nes (O/T vinegar)","200520","*"
"0473","Vegetables, Frozen","071021","*"
"0473","Vegetables, Frozen","071022","*"
"0473","Vegetables, Frozen","071029","*"
"0473","Vegetables, Frozen","071030","*"
"0473","Vegetables, Frozen","071080","*"
"0473","Vegetables, Frozen","071090","*"
"0474","Vegetables, Temporarily Preserved","071190","*"
"0474","Vegetables, Temporarily Preserved","071159","*"
"0474","Vegetables, Temporarily Preserved","071140","*"
"0474","Vegetables, Temporarily Preserved","071151","*"
"0475","Vegetables, Preserved (Frozen)","200410","*"
"0475","Vegetables, Preserved (Frozen)","200490","*"
"0476","Homogenized Vegetable Preparations","200510","*"
"0486","Bananas","080300","*"
"0489","Plantains","080300","*"
"0490","Oranges","080510","*"
"0491","Juice of Orange","200912","*"
"0491","Juice of Orange","200911","*"
"0492","Orange Juice, Concentrated","200911","*"
"0492","Orange Juice, Concentrated","200919","*"
"0495","Tangerines, mandarins, clementines, satsumas","080520","*"
"0496","Juice of Tangerine, Mandarin and Clementin","200931","*"
"0497","Lemons and limes","080550","*"
"0498","Juice of Lemon","200931","*"
"0499","Lemon Juice, Concentrated","200939","*"
"0507","Grapefruit and pomelo","080540","*"
"0509","Juice of Grapefruit","200921","*"
"0510","Grapefruit Juice, Concentrated","200929","*"
"0512","Citrus fruit nes","080590","*"
"0513","Juice of Citrus Fruit nes","200931","*"
"0514","Citrus Juice, Concentrated nes","200939","*"
"0515","Apples","080810","*"
"0517","Cider, etc.","220600","*"
"0518","Apple Juice","200971","*"
"0519","Apple Juice, Concentrated","200979","*"
"0521","Pears","080820","*"
"0523","Quinces","080820","*"
"0526","Apricots","080910","*"
"0527","Apricots, Dried","081310","*"
"0530","Sour cherries","080920","*"
"0531","Cherries","080920","*"
"0534","Peaches and nectarines","080930","*"
"0536","Plums","080940","*"
"0537","Plums, dried","081320","*"
"0538","Juice of plum","200980","*"
"0539","Juice of plum, concentrated","200980","*"
"0541","Stone fruit, fresh nes","081090","*"
"0542","Pome fruit nes","081090","*"
"0544","Strawberries","081010","*"
"0547","Raspberries","081020","*"
"0549","Gooseberries","081090","*"
"0550","Currants","081090","*"
"0552","Blueberries","081040","*"
"0554","Cranberries","081040","*"
"0558","Berries nes","081020","*"
"0558","Berries nes","081040","*"
"0560","Grapes","080610","*"
"0561","Raisins","080620","*"
"0562","Juice of Grape","200969","*"
"0562","Juice of Grape","200961","*"
"0563","Must of Grape","220421","*"
"0563","Must of Grape","220429","*"
"0563","Must of Grape","220430","*"
"0564","Wine","220410","*"
"0564","Wine","220421","*"
"0564","Wine","220429","*"
"0565","Vermouths, etc.","220510","*"
"0565","Vermouths, etc.","220590","*"
"0566","Marc of Grape","230800","*"
"0567","Watermelons","080711","*"
"0568","Melons, Cantaloupes","080719","*"
"0569","Figs","080420","*"
"0570","Figs, Dried","080420","*"
"0571","Mangoes","080450","*"
"0572","Avocados","080440","*"
"0574","Pineapples","080430","*"
"0575","Pineapples, Canned","200820","*"
"0576","Juice of Pineapples","200941","*"
"0577","Dates","080410","*"
"0580","Juice of Pineapples, Concentrated","200949","*"
"0583","Juice of Mango","200980","*"
"0584","Mango Pulp","200899","*"
"0587","Persimmons","081090","*"
"0591","Cashewapple","081090","*"
"0592","Kiwi fruit","081050","*"
"0600","Papayas","080720","*"
"0603","Fruit, tropical (fresh) nes","081090","*"
"0603","Fruit, tropical (fresh) nes","081060","*"
"0603","Fruit, tropical (fresh) nes","080450","*"
"0604","Fruit, tropical (Dried) nes","080300","*"
"0604","Fruit, tropical (Dried) nes","080430","*"
"0604","Fruit, tropical (Dried) nes","080440","*"
"0604","Fruit, tropical (Dried) nes","080450","*"
"0604","Fruit, tropical (Dried) nes","081340","*"
"0604","Fruit, tropical (Dried) nes","081350","*"
"0619","Fruit, fresh nes","081090","*"
"0620","Fruit, dried nes","081340","*"
"0620","Fruit, dried nes","081350","*"
"0620","Fruit, dried nes","081330","*"
"0622","Juice of fruits nes","200980","*"
"0622","Juice of fruits nes","200990","*"
"0623","Fruit, prepared nes","200892","*"
"0623","Fruit, prepared nes","200891","*"
"0623","Fruit, prepared nes","200880","*"
"0623","Fruit, prepared nes","200870","*"
"0623","Fruit, prepared nes","200860","*"
"0623","Fruit, prepared nes","200850","*"
"0623","Fruit, prepared nes","200840","*"
"0623","Fruit, prepared nes","200830","*"
"0623","Fruit, prepared nes","200791","*"
"0623","Fruit, prepared nes","200190","*"
"0623","Fruit, prepared nes","081400","*"
"0623","Fruit, prepared nes","081290","*"
"0623","Fruit, prepared nes","081210","*"
"0623","Fruit, prepared nes","081190","*"
"0623","Fruit, prepared nes","081120","*"
"0623","Fruit, prepared nes","081110","*"
"0623","Fruit, prepared nes","200799","*"
"0623","Fruit, prepared nes","200899","*"
"0624","Flour of Fruits","110630","*"
"0625","Fruit, Nuts, Peel, Sugar Preserved","200600","*"
"0626","Homogenized Cooked Fruit, Prepared","200710","*"
"0628","Pulp, Waste of Fruit for Feed","230800","*"
"0629","Beet Tops","230800","*"
"0630","Cane Tops","230800","*"
"0631","Waters, Ice and Snow","220110","*"
"0631","Waters, Ice and Snow","220190","*"
"0632","Alcohol, Non-Food Purposes","220710","*"
"0632","Alcohol, Non-Food Purposes","220720","*"
"0633","Beverages, Non-Alcoholic","220290","*"
"0633","Beverages, Non-Alcoholic","220210","*"
"0634","Beverages, Distilled Alcoholic","220820","*"
"0634","Beverages, Distilled Alcoholic","220830","*"
"0634","Beverages, Distilled Alcoholic","220840","*"
"0634","Beverages, Distilled Alcoholic","220850","*"
"0634","Beverages, Distilled Alcoholic","220860","*"
"0634","Beverages, Distilled Alcoholic","220870","*"
"0634","Beverages, Distilled Alcoholic","220890","*"
"0635","Straw and Husks","121300","*"
"0636","Maize for forage","121490","*"
"0637","Sorghum for forage","121490","*"
"0638","Rye grass for forage","121490","*"
"0639","Grasses nes for forage","121490","*"
"0640","Clover for forage","121490","*"
"0641","Alfalfa for forage","121490","*"
"0642","Green oilseeds for silage","121490","*"
"0643","Legumes for silage","121490","*"
"0644","Cabbage for fodder","121490","*"
"0645","Pumpkins for fodder","121490","*"
"0646","Turnips for fodder","121490","*"
"0647","Beets for fodder","121490","*"
"0648","Carrots for fodder","121490","*"
"0649","Swedes for fodder","121490","*"
"0650","Leaves, Tops and Vines nes","230800","*"
"0651","Forage Products nes","121490","*"
"0652","Vegetable Products for Feed nes","230800","*"
"0653","Food Wastes","230700","*"
"0653","Food Wastes","230990","*"
"0655","Vegetables, roots fodder nes","121490","*"
"0656","Coffee green","090111","*"
"0657","Coffee, Roasted","090122","*"
"0657","Coffee, Roasted","090112","*"
"0657","Coffee, Roasted","090121","*"
"0658","Coffee Substitutes","090190","*"
"0659","Coffee Extracts","210111","*"
"0659","Coffee Extracts","210112","*"
"0659","Coffee Extracts","210130","*"
"0660","Coffee Husks and Skins","090190","*"
"0661","Cocoa beans","180100","*"
"0662","Cocoa Paste","180310","*"
"0663","Cocoa Husks and Shells","180200","*"
"0664","Cocoa Butter","180400","*"
"0665","Cocoa Powder and Cake","180320","*"
"0665","Cocoa Powder and Cake","180500","*"
"0666","Chocolate Products nes","180610","*"
"0666","Chocolate Products nes","180620","*"
"0666","Chocolate Products nes","180631","*"
"0666","Chocolate Products nes","180632","*"
"0666","Chocolate Products nes","180690","*"
"0667","Tea","090240","*"
"0667","Tea","090230","*"
"0667","Tea","090220","*"
"0667","Tea","090210","*"
"0671","Mate","090300","*"
"0672","Extracts of Tea and Mate","210120","*"
"0674","Tea nes","121190","*"
"0677","Hops","121010","*"
"0677","Hops","121020","*"
"0687","Pepper","090411","*"
"0687","Pepper","090412","*"
"0689","Pimento","090420","*"
"0692","Vanilla","090500","*"
"0693","Cinnamon (canella)","090611","*"
"0693","Cinnamon (canella)","090619","*"
"0693","Cinnamon (canella)","090620","*"
"0698","Cloves","090700","*"
"0702","Nutmeg, mace, cardamoms","090810","*"
"0702","Nutmeg, mace, cardamoms","090820","*"
"0702","Nutmeg, mace, cardamoms","090830","*"
"0711","Anise, badian, fennel","090950","*"
"0711","Anise, badian, fennel","090940","*"
"0711","Anise, badian, fennel","090920","*"
"0711","Anise, badian, fennel","090930","*"
"0711","Anise, badian, fennel","090910","*"
"0720","Ginger","091010","*"
"0723","Spices nes","091020","*"
"0723","Spices nes","091030","*"
"0723","Spices nes","091091","*"
"0723","Spices nes","091099","*"
"0737","Oil of citronella","330129","*"
"0748","Peppermint, Spearmint","121190","*"
"0753","Essential oils nes","330190","*"
"0753","Essential oils nes","330130","*"
"0753","Essential oils nes","330129","*"
"0753","Essential oils nes","330125","*"
"0753","Essential oils nes","330112","*"
"0753","Essential oils nes","330119","*"
"0753","Essential oils nes","330113","*"
"0753","Essential oils nes","330124","*"
"0754","Pyrethrum, dried flowers","121190","*"
"0755","Pyrethrum Extract","130219","*"
"0756","Pyrethrum Marc","121190","*"
"0767","Cotton Lint","520100","*"
"0768","Cotton, Carded or Combed","520300","*"
"0769","Cotton Waste","520210","*"
"0769","Cotton Waste","520291","*"
"0769","Cotton Waste","520299","*"
"0770","Cotton Linters","140420","*"
"0771","Flax, raw or retted","530110","*"
"0773","Flax fibre and tow","530121","*"
"0773","Flax fibre and tow","530129","*"
"0774","Flax tow and waste","530130","*"
"0777","Hemp fibre and tow","530210","*"
"0777","Hemp fibre and tow","530290","*"
"0778","Kapok fibre","530500","*"
"0780","Jute","530310","*"
"0780","Jute","530390","*"
"0782","Jute-like fibres","530310","*"
"0782","Jute-like fibres","530390","*"
"0788","Ramie","530500","*"
"0789","Sisal","530500","*"
"0800","Agave fibres nes","530500","*"
"0809","Abaca manila hemp","530500","*"
"0813","Coir","530500","*"
"0821","Fibre crops nes","530500","*"
"0826","Tobacco leaves","240110","*"
"0826","Tobacco leaves","240120","*"
"0826","Tobacco leaves","240130","*"
"0828","Cigarettes","240220","*"
"0828","Cigarettes","240290","*"
"0829","Cigars and Cheroots","240290","*"
"0829","Cigars and Cheroots","240210","*"
"0831","Tobacco Products nes","240310","*"
"0831","Tobacco Products nes","240391","*"
"0831","Tobacco Products nes","240399","*"
"0836","Natural rubber","400110","*"
"0837","Rubber, Natural (Dry)","400121","*"
"0837","Rubber, Natural (Dry)","400122","*"
"0837","Rubber, Natural (Dry)","400129","*"
"0839","Natural gums","400130","*"
"0840","Compound Feed, Cattle","230990","*"
"0841","Compound Feed, Poultry","230990","*"
"0842","Compound Feed, Pigs","230990","*"
"0843","Pet Food","230910","*"
"0845","Compound Feed nes","230990","*"
"0846","Gluten Feed and Meal","230310","*"
"0849","Feed Yeast","230990","*"
"0850","Feed Supplements","230990","*"
"0851","Non-Protein Nitrogens","230990","*"
"0852","Other Concentrates nes","230990","*"
"0853","Vitamins","230990","*"
"0854","Feed Additives","230990","*"
"0855","Feed Minerals","230990","*"
"0857","Hay, non leguminous","121490","*"
"0858","Hay (Clover, Lucerne, etc.)","121490","*"
"0859","Hay nes","121490","*"
"0862","Alfalfa Meal and Pellets","121410","*"
"0866","Cattle","010210","*"
"0866","Cattle","010290","*"
"0867","Meat of cattle","020220","*"
"0867","Meat of cattle","020210","*"
"0867","Meat of cattle","020110","*"
"0867","Meat of cattle","020120","*"
"0868","Offals of cattle, edible","020610","*"
"0868","Offals of cattle, edible","020621","*"
"0868","Offals of cattle, edible","020622","*"
"0868","Offals of cattle, edible","020629","*"
"0868","Offals of cattle, edible","050400","*"
"0869","Fat of cattle","150200","*"
"0870","Meat of cattle, boneless","020130","*"
"0870","Meat of cattle, boneless","020230","*"
"0871","Cattle, Butcher Fat","150200","*"
"0872","Beef and Veal, Dried, Salted, Smoked","021020","*"
"0873","Meat Extracts","160300","*"
"0874","Sausages of Beef and Veal","160100","*"
"0875","Beef and Veal Preparations nes","160250","*"
"0877","Homogenized Meat Preparations","160210","*"
"0878","Liver Preparations","160220","*"
"0882","Cow milk, whole (fresh)","040120","*"
"0882","Cow milk, whole (fresh)","040130","*"
"0883","Standardized Milk","040130","*"
"0883","Standardized Milk","040110","*"
"0883","Standardized Milk","040120","*"
"0885","Cream, Fresh","040120","*"
"0885","Cream, Fresh","040130","*"
"0886","Butter of Cow Milk","040510","*"
"0886","Butter of Cow Milk","040520","*"
"0887","Ghee from Cow Milk","040590","*"
"0888","Skim Milk of Cows","040110","*"
"0888","Skim Milk of Cows","040120","*"
"0889","Whole Milk, Condensed","040299","*"
"0890","Whey, Condensed","040410","*"
"0891","Yoghurt","040310","*"
"0892","Yoghurt, Concentrated or Unconcent","040310","*"
"0893","Buttermilk, Curdled Milk, Acidified Milk","040390","*"
"0894","Whole Milk, Evaporated","040291","*"
"0895","Skim Milk, Evaporated","040291","*"
"0896","Skim Milk, Condensed","040299","*"
"0897","Dry Whole Cow Milk","040221","*"
"0897","Dry Whole Cow Milk","040229","*"
"0898","Dry Skim Cow Milk","040210","*"
"0899","Dry Buttermilk","040390","*"
"0900","Dry Whey","040410","*"
"0901","Cheese from Whole Cow Milk","040610","*"
"0901","Cheese from Whole Cow Milk","040620","*"
"0901","Cheese from Whole Cow Milk","040630","*"
"0901","Cheese from Whole Cow Milk","040640","*"
"0901","Cheese from Whole Cow Milk","040690","*"
"0903","Whey, Fresh","040410","*"
"0904","Cheese from Skimmed Cow Milk","040690","*"
"0904","Cheese from Skimmed Cow Milk","040640","*"
"0904","Cheese from Skimmed Cow Milk","040620","*"
"0904","Cheese from Skimmed Cow Milk","040610","*"
"0904","Cheese from Skimmed Cow Milk","040630","*"
"0905","Whey Cheese","040610","*"
"0907","Processed Cheese","040630","*"
"0907","Processed Cheese","040690","*"
"0908","Reconstituted Milk","040120","*"
"0908","Reconstituted Milk","040110","*"
"0909","Products of Natural Milk Constitue, nes","040490","*"
"0910","Ice Cream and Edible Ice","210500","*"
"0916","Egg Albumin","350211","*"
"0916","Egg Albumin","350219","*"
"0917","Casein","350110","*"
"0919","Cattle hides, fresh","410120","*"
"0919","Cattle hides, fresh","410150","*"
"0919","Cattle hides, fresh","410190","*"
"0920","Hides, Wet-Salted (Cattle)","410120","*"
"0920","Hides, Wet-Salted (Cattle)","410150","*"
"0920","Hides, Wet-Salted (Cattle)","410190","*"
"0921","Hides, Dry-Salted (Cattle)","410190","*"
"0921","Hides, Dry-Salted (Cattle)","410120","*"
"0921","Hides, Dry-Salted (Cattle)","410150","*"
"0922","Hides nes, Cattle","410120","*"
"0922","Hides nes, Cattle","410150","*"
"0922","Hides nes, Cattle","410190","*"
"0927","Skins, fresh (calves)","410190","*"
"0927","Skins, fresh (calves)","410120","*"
"0927","Skins, fresh (calves)","410150","*"
"0928","Skins, Wet-Salted (Calves)","410150","*"
"0928","Skins, Wet-Salted (Calves)","410190","*"
"0928","Skins, Wet-Salted (Calves)","410120","*"
"0929","Skins, Dry-Salted (Calves)","410120","*"
"0929","Skins, Dry-Salted (Calves)","410150","*"
"0929","Skins, Dry-Salted (Calves)","410190","*"
"0930","Skins nes, Calves","410120","*"
"0930","Skins nes, Calves","410150","*"
"0930","Skins nes, Calves","410190","*"
"0946","Buffaloes","010210","*"
"0946","Buffaloes","010290","*"
"0947","Buffalo meat","020230","*"
"0947","Buffalo meat","020220","*"
"0947","Buffalo meat","020210","*"
"0947","Buffalo meat","020110","*"
"0947","Buffalo meat","020120","*"
"0947","Buffalo meat","020130","*"
"0948","Offals of buffalo, edible","020629","*"
"0948","Offals of buffalo, edible","020610","*"
"0948","Offals of buffalo, edible","020621","*"
"0948","Offals of buffalo, edible","020622","*"
"0948","Offals of buffalo, edible","050400","*"
"0949","Fat of buffalo","150200","*"
"0951","Buffalo milk","040120","*"
"0951","Buffalo milk","040130","*"
"0952","Butter of Buffalo Milk","040510","*"
"0952","Butter of Buffalo Milk","040520","*"
"0953","Ghee, from Buffalo Milk","040590","*"
"0954","Skim Milk of Buffalo","040110","*"
"0954","Skim Milk of Buffalo","040120","*"
"0955","Cheese of Buffalo Milk","040690","*"
"0955","Cheese of Buffalo Milk","040640","*"
"0955","Cheese of Buffalo Milk","040630","*"
"0955","Cheese of Buffalo Milk","040620","*"
"0955","Cheese of Buffalo Milk","040610","*"
"0957","Buffalo hides, fresh","410120","*"
"0957","Buffalo hides, fresh","410150","*"
"0957","Buffalo hides, fresh","410190","*"
"0958","Hides, Wet-Salted (Buffalo)","410120","*"
"0958","Hides, Wet-Salted (Buffalo)","410150","*"
"0958","Hides, Wet-Salted (Buffalo)","410190","*"
"0959","Hides, Dry-Salted (Buffalo)","410190","*"
"0959","Hides, Dry-Salted (Buffalo)","410150","*"
"0959","Hides, Dry-Salted (Buffalo)","410120","*"
"0976","Sheep","010410","*"
"0977","Meat of sheep","020410","*"
"0977","Meat of sheep","020421","*"
"0977","Meat of sheep","020422","*"
"0977","Meat of sheep","020423","*"
"0977","Meat of sheep","020430","*"
"0977","Meat of sheep","020441","*"
"0977","Meat of sheep","020442","*"
"0977","Meat of sheep","020443","*"
"0978","Offals of sheep, edible","050400","*"
"0978","Offals of sheep, edible","020680","*"
"0978","Offals of sheep, edible","020690","*"
"0979","Fat of sheep","150200","*"
"0982","Sheep milk","040120","*"
"0982","Sheep milk","040130","*"
"0983","Butter and Ghee of Sheep Milk","040510","*"
"0983","Butter and Ghee of Sheep Milk","040520","*"
"0983","Butter and Ghee of Sheep Milk","040590","*"
"0984","Cheese of Sheep Milk","040690","*"
"0984","Cheese of Sheep Milk","040640","*"
"0984","Cheese of Sheep Milk","040610","*"
"0984","Cheese of Sheep Milk","040620","*"
"0984","Cheese of Sheep Milk","040630","*"
"0985","Skim Sheep Milk","040110","*"
"0985","Skim Sheep Milk","040120","*"
"0987","Wool, Greasy","510111","*"
"0987","Wool, Greasy","510119","*"
"0988","Wool, Degreased","510121","*"
"0988","Wool, Degreased","510129","*"
"0988","Wool, Degreased","510130","*"
"0994","Wool Grease and Lanolin","150500","*"
"0995","Sheepskins, fresh","410210","*"
"0995","Sheepskins, fresh","410229","*"
"0996","Skins, Wet-Salted (Sheep)","410229","*"
"0997","Skins, Dry-Salted (Sheep)","410229","*"
"0998","Skins nes, Sheep","410221","*"
"0998","Skins nes, Sheep","410229","*"
"0999","Skins with Wool, Sheep","410210","*"
"1002","Karakul skins","430130","*"
"1007","Wool, Shoddy","510400","*"
"1008","Hair, Carded, Combed","510510","*"
"1008","Hair, Carded, Combed","510521","*"
"1008","Hair, Carded, Combed","510529","*"
"1008","Hair, Carded, Combed","510531","*"
"1008","Hair, Carded, Combed","510539","*"
"1008","Hair, Carded, Combed","510540","*"
"1009","Wool, Hair Waste","510310","*"
"1009","Wool, Hair Waste","510320","*"
"1009","Wool, Hair Waste","510330","*"
"1010","Wool Tops","510529","*"
"1016","Goats","010420","*"
"1017","Goat meat","020450","*"
"1018","Offals of goats, edible","020680","*"
"1018","Offals of goats, edible","020690","*"
"1018","Offals of goats, edible","050400","*"
"1019","Fat of goats","150200","*"
"1020","Goat milk","040120","*"
"1020","Goat milk","040130","*"
"1021","Cheese of Goat Milk","040690","*"
"1021","Cheese of Goat Milk","040640","*"
"1021","Cheese of Goat Milk","040630","*"
"1021","Cheese of Goat Milk","040620","*"
"1021","Cheese of Goat Milk","040610","*"
"1022","Butter of Goat Milk","040510","*"
"1022","Butter of Goat Milk","040520","*"
"1022","Butter of Goat Milk","040590","*"
"1023","Skim Milk of Goat","040110","*"
"1023","Skim Milk of Goat","040120","*"
"1025","Goatskins, fresh","410390","*"
"1026","Skins, Wet-Salted (Goats)","410390","*"
"1027","Skins, Dry-Salted (Goats)","410390","*"
"1028","Skins nes, Goats","410390","*"
"1030","Fine goat hair","510211","*"
"1030","Fine goat hair","510219","*"
"1031","Coarse goat hair","510220","*"
"1034","Pigs","010310","*"
"1034","Pigs","010391","*"
"1034","Pigs","010392","*"
"1035","Pig meat","020329","*"
"1035","Pig meat","020322","*"
"1035","Pig meat","020321","*"
"1035","Pig meat","020311","*"
"1035","Pig meat","020312","*"
"1035","Pig meat","020319","*"
"1036","Offals of pigs, edible","020630","*"
"1036","Offals of pigs, edible","020641","*"
"1036","Offals of pigs, edible","020649","*"
"1036","Offals of pigs, edible","050400","*"
"1037","Fat of pigs","020900","*"
"1038","Pork","020329","*"
"1038","Pork","020319","*"
"1039","Bacon and Ham","021011","*"
"1039","Bacon and Ham","021012","*"
"1039","Bacon and Ham","021019","*"
"1040","Pig, Butcher Fat","020900","*"
"1041","Sausages of Pig Meat","160100","*"
"1042","Pig Meat Preparations","160242","*"
"1042","Pig Meat Preparations","160241","*"
"1042","Pig Meat Preparations","160249","*"
"1043","Lard","150100","*"
"1044","Pigskins, fresh","410330","*"
"1045","Skins, Wet-Salted (Pigs)","410330","*"
"1046","Skins, Dry-Salted (Pigs)","410330","*"
"1047","Skins nes, Pigs","410330","*"
"1057","Chickens","010511","*"
"1057","Chickens","010519","*"
"1057","Chickens","010594","*"
"1057","Chickens","010599","*"
"1058","Chicken meat","020735","*"
"1058","Chicken meat","020733","*"
"1058","Chicken meat","020732","*"
"1058","Chicken meat","020711","*"
"1058","Chicken meat","020713","*"
"1058","Chicken meat","020712","*"
"1058","Chicken meat","020736","*"
"1058","Chicken meat","020714","*"
"1059","Offals and liver of chickens","020735","*"
"1059","Offals and liver of chickens","020736","*"
"1059","Offals and liver of chickens","020713","*"
"1059","Offals and liver of chickens","020714","*"
"1060","Fatty Liver Preparations","160220","*"
"1061","Meat, Canned (Poultry)","160231","*"
"1061","Meat, Canned (Poultry)","160232","*"
"1061","Meat, Canned (Poultry)","160239","*"
"1062","Hen eggs","040700","*"
"1063","Eggs, Liquid","040819","*"
"1063","Eggs, Liquid","040899","*"
"1064","Eggs, Dried","040891","*"
"1064","Eggs, Dried","040811","*"
"1065","Fat of poultry","020900","*"
"1066","Fat of Poultry, Rendered","150100","*"
"1067","Hen eggs, (number)","040700","*"
"1068","Ducks","010519","*"
"1068","Ducks","010599","*"
"1069","Duck meat","020735","*"
"1069","Duck meat","020732","*"
"1069","Duck meat","020733","*"
"1069","Duck meat","020736","*"
"1072","Geese","010599","*"
"1072","Geese","010519","*"
"1073","Goose meat","020732","*"
"1073","Goose meat","020733","*"
"1073","Goose meat","020735","*"
"1073","Goose meat","020736","*"
"1074","Offals and liver of geese","020734","*"
"1074","Offals and liver of geese","020735","*"
"1074","Offals and liver of geese","020736","*"
"1075","Offals and liver of ducks","020736","*"
"1075","Offals and liver of ducks","020735","*"
"1075","Offals and liver of ducks","020734","*"
"1079","Turkeys","010512","*"
"1079","Turkeys","010599","*"
"1080","Turkey meat","020724","*"
"1080","Turkey meat","020725","*"
"1080","Turkey meat","020726","*"
"1080","Turkey meat","020727","*"
"1081","Offals and liver of turkey","020726","*"
"1081","Offals and liver of turkey","020727","*"
"1083","Pigeons and other birds","010639","*"
"1083","Pigeons and other birds","010631","*"
"1083","Pigeons and other birds","010632","*"
"1089","Meat of pigeons and other birds nes","020890","*"
"1091","Eggs, excluding hen eggs","040700","*"
"1092","Eggs, excluding hen eggs (number)","040700","*"
"1096","Horses","010110","*"
"1096","Horses","010190","*"
"1097","Horse meat","020500","*"
"1098","Offals of horses","020680","*"
"1098","Offals of horses","020690","*"
"1100","Hair of horses","510220","*"
"1102","Horse hides, fresh","410120","*"
"1102","Horse hides, fresh","410150","*"
"1102","Horse hides, fresh","410190","*"
"1103","Hides, Wet-Salted (Horses)","410120","*"
"1103","Hides, Wet-Salted (Horses)","410150","*"
"1103","Hides, Wet-Salted (Horses)","410190","*"
"1104","Hides, Dry-Salted (Horses)","410120","*"
"1104","Hides, Dry-Salted (Horses)","410150","*"
"1104","Hides, Dry-Salted (Horses)","410190","*"
"1105","Hides nes, Horses","410190","*"
"1105","Hides nes, Horses","410120","*"
"1105","Hides nes, Horses","410150","*"
"1107","Asses","010110","*"
"1107","Asses","010190","*"
"1108","Meat of asses","020500","*"
"1109","Hides of asses, fresh","410120","*"
"1109","Hides of asses, fresh","410150","*"
"1109","Hides of asses, fresh","410190","*"
"1110","Mules","010190","*"
"1111","Meat of mules","020500","*"
"1112","Hides of mules, fresh","410120","*"
"1112","Hides of mules, fresh","410150","*"
"1112","Hides of mules, fresh","410190","*"
"1126","Camels","010619","*"
"1127","Meat of camels","020890","*"
"1128","Offals of camels, edibles","020890","*"
"1129","Fat of camels","150600","*"
"1130","Camel milk","040130","*"
"1130","Camel milk","040120","*"
"1133","Camel hides, fresh","410390","*"
"1134","Hides, Wet-Salted (Camels)","410390","*"
"1135","Hides, Dry-Salted (Camels)","410390","*"
"1136","Hides nes, Camels","410390","*"
"1140","Rabbits","010619","*"
"1141","Rabbit meat","020810","*"
"1146","Rabbit skins","430180","*"
"1150","Other rodents","010619","*"
"1151","Meat of other domestic rodents","020890","*"
"1157","Other camelids","010619","*"
"1158","Meat of other domestic camelids","020890","*"
"1160","Fat of other camelids","150600","*"
"1163","Game meat","020890","*"
"1164","Meat, Dried nes","021091","*"
"1164","Meat, Dried nes","021092","*"
"1164","Meat, Dried nes","021093","*"
"1164","Meat, Dried nes","021099","*"
"1166","Meat nes","020850","*"
"1166","Meat nes","020890","*"
"1166","Meat nes","020830","*"
"1166","Meat nes","020840","*"
"1167","Offals nes","020680","*"
"1167","Offals nes","020690","*"
"1167","Offals nes","020810","*"
"1167","Offals nes","020830","*"
"1167","Offals nes","020840","*"
"1167","Offals nes","020850","*"
"1167","Offals nes","020890","*"
"1168","Animal Oils and Fats nes","150600","*"
"1169","Live animals, non food nes","010620","*"
"1169","Live animals, non food nes","010619","*"
"1169","Live animals, non food nes","010611","*"
"1169","Live animals, non food nes","010612","*"
"1171","Live animals nes","010690","*"
"1171","Live animals nes","010611","*"
"1171","Live animals nes","010612","*"
"1171","Live animals nes","010619","*"
"1171","Live animals nes","010620","*"
"1171","Live animals nes","010639","*"
"1172","Meat, Prepared nes","160290","*"
"1172","Meat, Prepared nes","160100","*"
"1173","Meat Meal","230110","*"
"1174","Fish Meal","230120","*"
"1175","Blood Meal","230110","*"
"1176","Snails o/t sea snails","030760","*"
"1181","Beehives","010690","*"
"1182","Honey","040900","*"
"1183","Beeswax","152190","*"
"1185","Cocoons, reelable","500100","*"
"1186","Silk, Raw","500200","*"
"1187","Cocoons Unreelable, Waste","500300","*"
"1195","Fur skin","430110","*"
"1195","Fur skin","430160","*"
"1195","Fur skin","430180","*"
"1195","Fur skin","430190","*"
"1213","Hides and skins nes, fresh","410320","*"
"1213","Hides and skins nes, fresh","410390","*"
"1214","Hides, Wet-Salted nes","410320","*"
"1214","Hides, Wet-Salted nes","410390","*"
"1215","Hides, Dry-Salted nes","410390","*"
"1215","Hides, Dry-Salted nes","410320","*"
"1216","Hides nes","410320","*"
"1216","Hides nes","410390","*"
"1217","Leather, Used and Waste","411520","*"
"1218","Hair, fine","510219","*"
"1219","Hair, coarse nes","510220","*"
"1221","Lard Stearine and Lard Oil","150300","*"
"1222","Degras","152200","*"
"1223","Oil from Fish and Marine Mammals","150430","*"
"1223","Oil from Fish and Marine Mammals","150420","*"
"1223","Oil from Fish and Marine Mammals","150410","*"
"1225","Tallow","150200","*"
"1232","Food Preparations nes","220900","*"
"1232","Food Preparations nes","210690","*"
"1232","Food Preparations nes","210610","*"
"1232","Food Preparations nes","210420","*"
"1232","Food Preparations nes","210390","*"
"1232","Food Preparations nes","210320","*"
"1232","Food Preparations nes","210410","*"
"1232","Food Preparations nes","210220","*"
"1232","Food Preparations nes","210210","*"
"1232","Food Preparations nes","210230","*"
"1232","Food Preparations nes","190240","*"
"1232","Food Preparations nes","190230","*"
"1232","Food Preparations nes","190220","*"
"1232","Food Preparations nes","041000","*"
"1241","Liquid Margarine","151790","*"
"1242","Margarine and Shortening","151710","*"
"1242","Margarine and Shortening","151790","*"
"1243","Fat Preparations nes","151790","*"
"1243","Fat Preparations nes","151620","*"
"1243","Fat Preparations nes","151610","*"
"1259","Food Waste, Prep. for Feed","230700","*"
"1259","Food Waste, Prep. for Feed","230990","*"
"1273","Castor Oil, Hydrogenated","151620","*"
"1274","Oils Boiled, Dehydrated, etc.","151800","*"
"1275","Hydrogenated Oils and Fats","151610","*"
"1275","Hydrogenated Oils and Fats","151620","*"
"1276","Fatty Acids","382311","*"
"1276","Fatty Acids","382312","*"
"1276","Fatty Acids","382313","*"
"1276","Fatty Acids","382319","*"
"1277","Residues of Fatty Substances","152200","*"
"1291","Arabic gum","130120","*"
"1292","Other resins","130190","*"
"1293","Crude Organic Materials nes","060314","*"
"1293","Crude Organic Materials nes","060319","*"
"1293","Crude Organic Materials nes","060390","*"
"1293","Crude Organic Materials nes","060410","*"
"1293","Crude Organic Materials nes","060491","*"
"1293","Crude Organic Materials nes","060499","*"
"1293","Crude Organic Materials nes","140490","*"
"1293","Crude Organic Materials nes","121120","*"
"1293","Crude Organic Materials nes","121130","*"
"1293","Crude Organic Materials nes","121140","*"
"1293","Crude Organic Materials nes","121190","*"
"1293","Crude Organic Materials nes","121220","*"
"1293","Crude Organic Materials nes","130211","*"
"1293","Crude Organic Materials nes","130212","*"
"1293","Crude Organic Materials nes","130213","*"
"1293","Crude Organic Materials nes","130219","*"
"1293","Crude Organic Materials nes","130220","*"
"1293","Crude Organic Materials nes","130231","*"
"1293","Crude Organic Materials nes","130232","*"
"1293","Crude Organic Materials nes","130239","*"
"1293","Crude Organic Materials nes","140110","*"
"1293","Crude Organic Materials nes","060313","*"
"1293","Crude Organic Materials nes","060312","*"
"1293","Crude Organic Materials nes","051199","*"
"1293","Crude Organic Materials nes","060290","*"
"1293","Crude Organic Materials nes","050100","*"
"1293","Crude Organic Materials nes","050210","*"
"1293","Crude Organic Materials nes","050290","*"
"1293","Crude Organic Materials nes","050400","*"
"1293","Crude Organic Materials nes","050510","*"
"1293","Crude Organic Materials nes","060311","*"
"1293","Crude Organic Materials nes","050610","*"
"1293","Crude Organic Materials nes","050690","*"
"1293","Crude Organic Materials nes","050710","*"
"1293","Crude Organic Materials nes","050790","*"
"1293","Crude Organic Materials nes","050590","*"
"1293","Crude Organic Materials nes","051000","*"
"1293","Crude Organic Materials nes","051110","*"
"1293","Crude Organic Materials nes","051191","*"
"1293","Crude Organic Materials nes","060110","*"
"1293","Crude Organic Materials nes","060120","*"
"1293","Crude Organic Materials nes","060210","*"
"1293","Crude Organic Materials nes","060220","*"
"1293","Crude Organic Materials nes","060230","*"
"1293","Crude Organic Materials nes","060240","*"
"1293","Crude Organic Materials nes","050800","*"
"1294","Seeds for Planting","120930","*"
"1294","Seeds for Planting","120929","*"
"1294","Seeds for Planting","120925","*"
"1294","Seeds for Planting","120924","*"
"1294","Seeds for Planting","120991","*"
"1294","Seeds for Planting","120922","*"
"1294","Seeds for Planting","120921","*"
"1294","Seeds for Planting","120910","*"
"1294","Seeds for Planting","120923","*"
"1294","Seeds for Planting","120999","*"
"1295","Spermaceti","152190","*"
"1296","Vegetable waxes","152110","*"
"1309","Insecticides, total (Consumption)","380891","*"
"1320","Herbicides, total","380893","*"
"1331","Fungicides and bactericides, total","380892","*"
"1345","Rodenticides, total (Consumption)","380899","*"
"1352","Fungicides seed treatments, total (Consumption)","380892","*"
"1353","Insecticides seed treatments, total (Consumption)","380891","*"
"1357","Pesticides (Trade)","380850","*"
"1357","Pesticides (Trade)","380891","*"
"1357","Pesticides (Trade)","380892","*"
"1357","Pesticides (Trade)","380893","*"
"1357","Pesticides (Trade)","380894","*"
"1357","Pesticides (Trade)","380899","*"
"1360","Nitrogenous fertilizers","310290","*"
"1360","Nitrogenous fertilizers","310260","*"
"1360","Nitrogenous fertilizers","310240","*"
"1360","Nitrogenous fertilizers","310280","*"
"1360","Nitrogenous fertilizers","310229","*"
"1360","Nitrogenous fertilizers","310221","*"
"1360","Nitrogenous fertilizers","310210","*"
"1360","Nitrogenous fertilizers","310230","*"
"1375","Phosphate fertilizers","310310","*"
"1375","Phosphate fertilizers","310390","*"
"1386","Potash fertilizers","310420","*"
"1386","Potash fertilizers","310430","*"
"1386","Potash fertilizers","310490","*"
"1397","Fertilizers Manufactured, nes","310590","*"
"1397","Fertilizers Manufactured, nes","310560","*"
"1397","Fertilizers Manufactured, nes","310559","*"
"1397","Fertilizers Manufactured, nes","310551","*"
"1397","Fertilizers Manufactured, nes","310530","*"
"1397","Fertilizers Manufactured, nes","310520","*"
"1397","Fertilizers Manufactured, nes","310510","*"
"1397","Fertilizers Manufactured, nes","310540","*"
"1398","Natural Sodium Nitrate","310250","*"
"1399","Natural Phosphates","251010","*"
"1399","Natural Phosphates","251020","*"
"1400","Natural Potassic Salts","310490","*"
"1401","Fertilizers, Organic","310100","*"
"1416","Insecticides (Trade)","380891","*"
"1416","Insecticides (Trade)","380850","*"
"1417","Fungicides (Trade)","380850","*"
"1417","Fungicides (Trade)","380892","*"
"1418","Herbicides (Trade)","380850","*"
"1418","Herbicides (Trade)","380893","*"
"1419","Disinfectants,etc (Trade)","380894","*"
"1419","Disinfectants,etc (Trade)","380899","*"
"1422","Mercury compounds etc. excl. amalgams spartana (Trade)","285200","*"
"1423","Ethylene dichloride (Trade)","290315","*"
"1424","Ethylene dibromide (1,2-dibromoethane) (Trade)","290331","*"
"1425","HCH (mixed isomers) / Lindane (Trade)","290351","*"
"1426","Aldrin, Chlordane, Heptachlor (Trade)","290352","*"
"1427","DDT, Hexachlorobenzene (Trade)","290362","*"
"1428","Pentachlorophenol (Trade)","290811","*"
"1429","Salts of Pentachlorophenol (excl 280811)","290819","*"
"1430","Dinoseb and dinoseb salts (Trade)","290891","*"
"1431","DNOC and its salts (excl. 290811-290891) (Trade)","290899","*"
"1432","Oxirane (ethylene oxide) (Trade)","291010","*"
"1433","Dieldrin (Trade)","291040","*"
"1434","Dinoseb acetate (Trade)","291536","*"
"1435","Binapacryl (Trade)","291636","*"
"1436","Chlorobenzilate (Trade)","291818","*"
"1437","2,4,5-T and its salts and esters (Trade)","291891","*"
"1438","Parathion & parathion-methyl (Trade)","292011","*"
"1439","Fluoroacetamide, monocrotophos & phosphamidon (Trade)","292412","*"
"1440","Chlordimeform (Trade)","292521","*"
"1441","Captafol & methamidophos (Trade)","293050","*"
"1442","Hazardous pesticides (Trade)","380850","*"
"1443","Insecticides (excl. Haz. pest.) (Trade)","380891","*"
"1444","Fungicides (excl. Haz. pest.) (Trade)","380892","*"
"1445","Herbicides (excl. Haz. pest.) (Trade)","380893","*"
"1446","Disinfectants, etc (excl. Haz. pest.) (Trade)","380894","*"
"1446","Disinfectants, etc (excl. Haz. pest.) (Trade)","380899","*"
"2455001","Ploughs","843210","*"
"2455002","Seeders","843230","*"
"2455003","Manure spreaders and Fert. distributors","843240","*"
"2455004","Combine harvesters - threshers","843351","*"
"2455005","Balers","843340","*"
"2455006","Root or tuber harvesting machines","843353","*"
"2455007","Threshing machines(staking,forage harv.)","843352","*"
"2455008","Milking machines","843410","*"
"2455009","Agricultural tractors, total","870110","*"
"2455009","Agricultural tractors, total","870130","*"
"2455009","Agricultural tractors, total","870190","*"
"2455010","Pedestrian controlled tractors","870110","*"
"2455011","Agricultural tractors","870130","*"
"2455011","Agricultural tractors","870190","*"
"2455012","Track-laying tractors","870130","*"
"2455013","Other Agricultural tractors","870190","*"
"2455014","Harvester and threshers (trade)","843710","*"
"2455014","Harvester and threshers (trade)","843360","*"
"2455014","Harvester and threshers (trade)","843359","*"
"2455014","Harvester and threshers (trade)","843353","*"
"2455014","Harvester and threshers (trade)","843352","*"
"2455014","Harvester and threshers (trade)","843390","*"
"2455014","Harvester and threshers (trade)","843340","*"
"2455014","Harvester and threshers (trade)","843330","*"
"2455014","Harvester and threshers (trade)","843320","*"
"2455014","Harvester and threshers (trade)","843319","*"
"2455014","Harvester and threshers (trade)","843311","*"
"2455014","Harvester and threshers (trade)","843351","*"
"2455015","Milking, dairy machinery (trade)","843410","*"
"2455015","Milking, dairy machinery (trade)","843420","*"
"2455015","Milking, dairy machinery (trade)","843490","*"
"2455016","Soil machinery (trade)","843290","*"
"2455016","Soil machinery (trade)","843280","*"
"2455016","Soil machinery (trade)","843240","*"
"2455016","Soil machinery (trade)","843230","*"
"2455016","Soil machinery (trade)","843221","*"
"2455016","Soil machinery (trade)","843210","*"
"2455016","Soil machinery (trade)","843229","*"
"2455017","Agricultural machinery nes (trade)","843699","*"
"2455017","Agricultural machinery nes (trade)","843510","*"
"2455017","Agricultural machinery nes (trade)","843590","*"
"2455017","Agricultural machinery nes (trade)","843610","*"
"2455017","Agricultural machinery nes (trade)","843621","*"
"2455017","Agricultural machinery nes (trade)","843629","*"
"2455017","Agricultural machinery nes (trade)","843680","*"
"2455017","Agricultural machinery nes (trade)","843691","*"
"2510","Phosphate rock","251020","*"
"2510","Phosphate rock","251010","*"
"2814","Ammonia, anhydrous","281410","*"
"2814","Ammonia, anhydrous","281420","*"
"283421","Potassium nitrate","283421","*"
"3102","Nitrogen Fertilizers (N total nutrients)","310290","*"
"3102","Nitrogen Fertilizers (N total nutrients)","310280","*"
"3102","Nitrogen Fertilizers (N total nutrients)","310260","*"
"3102","Nitrogen Fertilizers (N total nutrients)","310240","*"
"3102","Nitrogen Fertilizers (N total nutrients)","310250","*"
"3102","Nitrogen Fertilizers (N total nutrients)","310229","*"
"3102","Nitrogen Fertilizers (N total nutrients)","310221","*"
"3102","Nitrogen Fertilizers (N total nutrients)","310210","*"
"3102","Nitrogen Fertilizers (N total nutrients)","310230","*"
"310210","Urea","310210","*"
"310221","Ammonium sulphate","310221","*"
"310230","Ammonium nitrate","310230","*"
"310240","Calcium ammonium nitrate","310240","*"
"310280","Urea and ammonium nitrate solutions","310280","*"
"3103","Phosphate Fertilizers (P205 total nutrients)","310390","*"
"3103","Phosphate Fertilizers (P205 total nutrients)","310310","*"
"310310","Superphosphate","310310","*"
"31031010","Superphosphate above 35%","310310","*"
"31031090","Superphosphate other","310310","*"
"3104","Potash Fertilizers (K20 total nutrients)","310420","*"
"3104","Potash Fertilizers (K20 total nutrients)","310430","*"
"3104","Potash Fertilizers (K20 total nutrients)","310490","*"
"310420","Potassium chloride (Muriate of potash)","310420","*"
"310430","Potassium sulphate","310430","*"
"310500","Other NP compounds","310559","*"
"310500","Other NP compounds","310551","*"
"310510","NPK complex <= 10kg","310510","*"
"310520","NPK complex >10kg","310520","*"
"310530","Diammonium phosphate (DAP)","310530","*"
"310540","Monoammonium phosphate (MAP)","310540","*"
"310551","Other nitrogen & phosphates compounds","310551","*"
"310559","Other nitrogen & phosphorus compounds","310559","*"
"310560","PK compounds","310560","*"
"310610","NPK complex","310510","*"
"310610","NPK complex","310520","*"
"310620","NPK blends","310510","*"
"310620","NPK blends","310520","*"
